URL,Último rastreamento
http://thetravelbackpack.com/,2026-03-17
https://thetravelbackpack.com/about-us/,2025-11-08
https://thetravelbackpack.com/budget-backpacks/pink-nova-sprayground-backpack/,2025-11-07
https://thetravelbackpack.com/budget-backpacks/mcm-backpack/,2025-11-07
https://thetravelbackpack.com/budget-backpacks/deuter-backpack/,2025-11-04
https://www.thetravelbackpack.com/,2025-11-04
https://thetravelbackpack.com/budget-backpacks/ladies-laptop-backpack/,2025-11-02
https://thetravelbackpack.com/budget-backpacks/college-bags-for-girls/,2025-10-27
https://thetravelbackpack.com/category/travel-backpacks/,2025-10-26
https://thetravelbackpack.com/page/2/,2025-10-26
https://thetravelbackpack.com/budget-backpacks/under-armor-backpack/,2025-10-25
https://thetravelbackpack.com/budget-backpacks/female-work-backpack/,2025-10-23
https://thetravelbackpack.com/budget-backpacks/sonic-backpack/,2025-10-21
https://thetravelbackpack.com/travel-backpacks/bicycle-backpack/,2025-10-20
https://thetravelbackpack.com/category/budget-backpacks/,2025-10-20
https://thetravelbackpack.com/budget-backpacks/nurse-backpack/,2025-10-19
https://thetravelbackpack.com/budget-backpacks/gucci-backpack-women/,2025-10-16
https://thetravelbackpack.com/budget-backpacks/why-no-backpacks-in-middle-school/,2025-10-16
https://thetravelbackpack.com/2024/11/,2025-10-11
https://thetravelbackpack.com/?s=%7Bsearch_term_string%7D,2025-10-10
https://thetravelbackpack.com/contact-us/,2025-10-09
https://thetravelbackpack.com/category/hiking-backpacks/,2025-10-07
https://thetravelbackpack.com/search/{search_term_string}/feed/rss2/,2025-10-03
https://thetravelbackpack.com/search/{search_term_string}/,2025-10-01
https://thetravelbackpack.com/?s=%7Bsearch_term_string%7D,2025-10-01
https://thetravelbackpack.com/travel-backpacks/camera-and-lens-backpack/,2025-09-29
https://thetravelbackpack.com/author/sujithchikku2000gmail-com/feed/,2025-09-28
https://thetravelbackpack.com/category/uncategorized/,2025-09-28
https://thetravelbackpack.com/budget-backpacks/basketball-backpack/,2025-09-28
https://thetravelbackpack.com/page/6/,2025-09-27
https://thetravelbackpack.com/budget-backpacks/coach-laptop-backpack/,2025-09-27
https://thetravelbackpack.com/home/,2025-09-27
https://thetravelbackpack.com/budget-backpacks/work-backpack-women/,2025-09-26
https://thetravelbackpack.com/budget-backpacks/mens-backpack/,2025-09-26
https://thetravelbackpack.com/budget-backpacks/hostel-packing-list/feed/,2025-09-26
https://thetravelbackpack.com/page/4/,2025-09-22
https://thetravelbackpack.com/page/3/,2025-09-22
https://thetravelbackpack.com/hiking-backpacks/hiking-backpack/,2025-09-22
https://thetravelbackpack.com/budget-backpacks/hostel-packing-list/,2025-09-21
https://thetravelbackpack.com/hiking-backpacks/hiking-backpack/feed/,2025-09-21
https://thetravelbackpack.com/travel-backpacks/vacation-packing-list/,2025-09-20
https://thetravelbackpack.com/hiking-backpacks/fishing-backpack/,2025-09-19
https://thetravelbackpack.com/budget-backpacks/one-direction-backpack/,2025-09-19
https://thetravelbackpack.com/budget-backpacks/gucci-backpack-women/feed/,2025-09-12
https://thetravelbackpack.com/budget-backpacks/a-dog-dog-backpack/feed/,2025-09-10
https://thetravelbackpack.com/travel-backpacks/does-tsa-xray-all-backpacks/feed/,2025-09-10
https://thetravelbackpack.com/budget-backpacks/zoro-patch-for-backpack/feed/,2025-09-09
https://thetravelbackpack.com/budget-backpacks/pink-nova-sprayground-backpack/feed/,2025-09-09
https://thetravelbackpack.com/budget-backpacks/female-work-backpack/feed/,2025-09-09
https://thetravelbackpack.com/category/travel-backpacks/feed/,2025-09-09
https://thetravelbackpack.com/hiking-backpacks/small-hiking-backpack/feed/,2025-09-08
https://thetravelbackpack.com/budget-backpacks/nurse-backpack/feed/,2025-09-08
https://thetravelbackpack.com/travel-backpacks/how-to-pack-a-carry-on-for-one-bag-travel/feed/,2025-09-07
https://thetravelbackpack.com/travel-backpacks/,2026-03-17
https://thetravelbackpack.com/resources,2026-03-17
https://thetravelbackpack.com/privacy,2026-03-17
https://thetravelbackpack.com/hiking-backpacks/,2026-03-17